,test_number,image_size,split_layer,accuracy,top_1_accuracy,top_5_accuracy,precision,recall,BLEU,total_time,head_time,network_time,tail_time,nw_payload,nw_speed
0,1.0,100.0,3.0,0.108845238,0.22,0.26,0.1835,0.108845238,0.06169069,1.257481218,1.257475013,6.2e-06,0.0,0.0,0
1,1.0,150.0,3.0,0.577119048,0.65,0.84,0.390211039,0.577119048,0.425219841,1.452164759,1.452158603,6.16e-06,0.0,0.0,0
2,1.0,200.0,3.0,0.586988095,0.68,0.87,0.457308726,0.586988095,0.257689302,1.920791447,1.920784755,6.69e-06,0.0,0.0,0
3,1.0,250.0,3.0,0.590559524,0.79,0.9,0.610875458,0.590559524,0.436462454,2.470035347,2.470028817,6.53e-06,0.0,0.0,0
4,1.0,300.0,3.0,0.488119048,0.77,0.83,0.652166667,0.488119048,0.542526183,3.401496,3.401488559,7.44e-06,0.0,0.0,0
5,1.0,350.0,3.0,0.394595238,0.72,0.73,0.647690476,0.394595238,0.494559083,4.352503983,4.352496949,7.03e-06,0.0,0.0,0
6,1.0,400.0,3.0,0.385416667,0.73,0.74,0.664333333,0.385416667,0.480426268,5.373159914,5.373151939,7.97e-06,0.0,0.0,0
0,2.0,250.0,3.0,0.5905595238095238,0.79,0.9,0.6108754578754578,0.5905595238095238,0.5665755886079719,10.429165278704604,0.0330342191125954,10.183364789002,0.2127662705900093,3235355.52,3
1,3.0,250.0,3.0,0.5905595238095238,0.79,0.9,0.6108754578754578,0.5905595238095238,0.5665755886079719,4.843114987841108,0.9636503174196692,3.653983856381428,0.2254808140400109,866555.7,3
2,4.0,250.0,3.0,0.5855595238095238,0.79,0.89,0.6109652014652015,0.5855595238095238,0.5557094741849332,1.8374058058415537,0.0223810086393494,1.5972554566022157,0.2177693405999889,129724.38,3
3,5.0,250.0,3.0,0.5905595238095238,0.79,0.9,0.6108754578754578,0.5905595238095238,0.5665755886079719,6.958426445777877,0.0522657899372278,6.692912071810656,0.2132485840299932,1968128.0,3
4,5.0,250.0,40.0,0.5905595238095238,0.79,0.9,0.6108754578754578,0.5905595238095238,0.5665755886079719,3.9693428486486666,0.3011428595992038,3.4768325139694665,0.1913674750799964,802816.0,3
5,5.0,250.0,63.0,0.5905595238095238,0.79,0.9,0.6108754578754578,0.5905595238095238,0.5665755886079719,4.32302480039536,0.385473568429588,3.753499912255748,0.1840513197100244,903168.0,3
6,5.0,250.0,86.0,0.5905595238095238,0.79,0.9,0.6108754578754578,0.5905595238095238,0.5665755886079719,4.401574599320884,0.4763367494725385,3.7513023951783455,0.1739354546699996,903168.0,3
7,5.0,250.0,100.0,0.5905595238095238,0.79,0.9,0.6108754578754578,0.5905595238095238,0.5665755886079719,3.399426449442399,0.5335369740717582,2.697968580060642,0.1679208953099987,519168.0,3
8,5.0,250.0,132.0,0.5905595238095238,0.79,0.9,0.6108754578754578,0.5905595238095238,0.5665755886079719,3.471330530781416,0.6191253563214558,2.6957812181900045,0.1564239562699549,519168.0,3
9,5.0,250.0,164.0,0.5905595238095238,0.79,0.9,0.6108754578754578,0.5905595238095238,0.5665755886079719,3.570629772043904,0.7341366102040046,2.6928311772998588,0.14366198454004,519168.0,3
10,5.0,250.0,196.0,0.5905595238095238,0.79,0.9,0.6108754578754578,0.5905595238095238,0.5665755886079719,3.667413199670845,0.8448694104613965,2.691827337699415,0.1307164515100339,519168.0,3
11,5.0,250.0,228.0,0.5905595238095238,0.79,0.9,0.6108754578754578,0.5905595238095238,0.5665755886079719,3.8294432071986377,1.0180913167406107,2.692487084838094,0.1188648056199326,519168.0,3
12,5.0,250.0,248.0,0.5905595238095238,0.79,0.9,0.6108754578754578,0.5905595238095238,0.5665755886079719,3.0543313017993934,1.169387521277531,1.7754716037317668,0.1094721767900955,184320.0,3
13,5.0,250.0,279.0,0.5905595238095238,0.79,0.9,0.6108754578754578,0.5905595238095238,0.5665755886079719,3.5125817603478207,1.3322263568552444,2.0830588846025235,0.0972965188900525,294912.0,3
14,6.0,250.0,3.0,0.5905595238095238,0.79,0.9,0.6108754578754578,0.5905595238095238,0.5665755886079719,4.71013075211842,0.3679393279890064,4.120013306399469,0.2221781177299453,1035050.41,3
15,6.0,250.0,40.0,0.5905595238095238,0.79,0.9,0.6108754578754578,0.5905595238095238,0.5665755886079719,3.0254204932483844,0.4247536911594216,2.4003899738289145,0.2002768282600482,411831.22,3
16,6.0,250.0,63.0,0.5905595238095238,0.79,0.9,0.6108754578754578,0.5905595238095238,0.5665755886079719,3.153311880530091,0.5158514196937904,2.4505384087162563,0.1869220521200441,430245.92,3
17,6.0,250.0,86.0,0.5905595238095238,0.79,0.9,0.6108754578754578,0.5905595238095238,0.5665755886079719,3.132060688316705,0.5864522508677328,2.3670991729389788,0.1785092645099939,399870.8,3
18,6.0,250.0,100.0,0.5905595238095238,0.79,0.9,0.6108754578754578,0.5905595238095238,0.5665755886079719,2.7776137010467936,0.6105020736780715,1.998621374678787,0.168490252689935,263738.42,3
19,6.0,250.0,132.0,0.5905595238095238,0.79,0.9,0.6108754578754578,0.5905595238095238,0.5665755886079719,2.660416532329982,0.7559276427503208,1.7495415853696796,0.1549473042099816,176569.73,3
20,6.0,250.0,164.0,0.5905595238095238,0.79,0.9,0.6108754578754578,0.5905595238095238,0.5665755886079719,2.8045684598549268,0.9244094508123816,1.737478334242478,0.1426806748000672,171126.88,3
21,6.0,250.0,196.0,0.5905595238095238,0.79,0.9,0.6108754578754578,0.5905595238095238,0.5665755886079719,2.9445851161598693,1.0787074252805904,1.7343203959492712,0.1315572949300076,170946.16,3
22,6.0,250.0,228.0,0.5905595238095238,0.79,0.9,0.6108754578754578,0.5905595238095238,0.5665755886079719,2.772972403218737,1.2503316517011265,1.4055936905575073,0.1170470609601034,84005.98,3
23,6.0,250.0,248.0,0.5905595238095238,0.79,0.9,0.6108754578754578,0.5905595238095238,0.5665755886079719,2.786717301218305,1.3400170362734936,1.338057056944781,0.1086432080000304,62019.94,3
24,6.0,250.0,279.0,0.5905595238095238,0.79,0.9,0.6108754578754578,0.5905595238095238,0.5665755886079719,2.7928852889104747,1.433475655296352,1.2634217064940458,0.095987927120077,47006.84,3
25,7.0,250.0,3.0,0.5641309523809525,0.75,0.86,0.5898452380952381,0.5641309523809525,0.5184380828714172,2.8924168895493496,0.0405099220090781,2.632531015630193,0.2193759519100785,492032.0,3
26,7.0,250.0,40.0,0.5553690476190476,0.79,0.86,0.5913293650793651,0.5553690476190476,0.5324626161743814,2.3113678257993886,0.2853807461383981,1.8236818462811064,0.2023052333798841,200704.0,3
27,7.0,250.0,63.0,0.535202380952381,0.72,0.84,0.5822784992784993,0.535202380952381,0.5536895209135633,2.4754241884400834,0.4021901920158415,1.893552989514239,0.179681006910003,225792.0,3
28,7.0,250.0,86.0,0.465297619047619,0.69,0.79,0.5777777777777778,0.465297619047619,0.5033126663266285,2.561441571660107,0.4872755262372084,1.8966309678028936,0.1775350776200048,225792.0,3
29,7.0,250.0,100.0,0.372595238095238,0.61,0.68,0.4837777777777777,0.372595238095238,0.4934258212252587,2.4014483774779363,0.5912371172441633,1.6372123313037776,0.1729989289299953,129792.0,3
30,7.0,250.0,132.0,0.547297619047619,0.76,0.85,0.572058608058608,0.547297619047619,0.5631411916781118,2.514092019192176,0.7215373125713087,1.640036630180864,0.1525180764400033,129792.0,3
31,7.0,250.0,164.0,0.5349880952380952,0.76,0.85,0.5808646908646908,0.5349880952380952,0.5515388883181425,2.647262664380833,0.8606379982543877,1.6374724380064616,0.1491522281199832,129792.0,3
32,7.0,250.0,196.0,0.5284642857142857,0.76,0.84,0.5920763125763125,0.5284642857142857,0.5409646736494486,2.779562886898639,1.0133743933105144,1.638823598538106,0.1273648950500182,129792.0,3
33,7.0,250.0,228.0,0.5310357142857143,0.77,0.85,0.5923344155844156,0.5310357142857143,0.5441527117949112,2.8979623538424493,1.1363714262028224,1.6479185976596455,0.1136723299799814,129792.0,3
34,7.0,250.0,248.0,0.4451190476190476,0.7,0.78,0.6164404761904761,0.4451190476190476,0.5333586165024665,2.734448989041848,1.3196776415908242,1.3102240463810313,0.1045473010699925,46080.0,3
35,7.0,250.0,279.0,0.3891904761904762,0.65,0.71,0.5776839826839827,0.3891904761904762,0.5004885569182824,2.904531687286217,1.415251887763734,1.390498888102493,0.0987809114199899,73728.0,3
36,8.0,250.0,3.0,0.5641309523809525,0.75,0.86,0.5898452380952381,0.5641309523809525,0.5184380828714172,1.5974790726025825,0.1086672361177625,1.271992461834816,0.2168193746500037,48514.85,3
37,8.0,250.0,40.0,0.5553690476190476,0.79,0.86,0.5913293650793651,0.5553690476190476,0.5324626161743814,1.6974483095918549,0.3822821512428345,1.1193427429490113,0.1958234154000092,37186.75,3
38,8.0,250.0,63.0,0.535202380952381,0.72,0.84,0.5822784992784993,0.535202380952381,0.5536895209135633,1.822835582433617,0.5039189102628734,1.1358283616507017,0.1830883105200428,38682.44,3
39,8.0,250.0,86.0,0.465297619047619,0.69,0.79,0.5777777777777778,0.465297619047619,0.5033126663266285,1.8832053027924849,0.6130194280558499,1.088016061166636,0.1821698135699989,29215.23,3
40,8.0,250.0,100.0,0.372595238095238,0.61,0.68,0.4837777777777777,0.372595238095238,0.4934258212252587,1.9361142942699368,0.6999222048901721,1.0607376868497522,0.1754544025300128,21453.24,3
41,8.0,250.0,132.0,0.547297619047619,0.76,0.85,0.572058608058608,0.547297619047619,0.5631411916781118,1.8009243438777047,0.8281149658077629,0.8207028579299822,0.1521065201399596,12461.16,3
42,8.0,250.0,164.0,0.5349880952380952,0.76,0.85,0.5808646908646908,0.5349880952380952,0.5515388883181425,1.9399925992632048,0.9736920625780476,0.8186655111052005,0.147635025579957,12147.17,3
43,8.0,250.0,196.0,0.5284642857142857,0.76,0.84,0.5920763125763125,0.5284642857142857,0.5409646736494486,2.067334216809832,1.1197017144295387,0.8186066219402528,0.12902588044004,11389.98,3
44,8.0,250.0,228.0,0.5310357142857143,0.77,0.85,0.5923344155844156,0.5310357142857143,0.5441527117949112,2.191426068499568,1.2823177937924632,0.7948518328970567,0.1142564418100482,4065.58,3
45,8.0,250.0,248.0,0.4451190476190476,0.7,0.78,0.6164404761904761,0.4451190476190476,0.5333586165024665,2.30686817509064,1.4061191951524237,0.7947491368182545,0.1059998431199619,3595.87,3
46,8.0,250.0,279.0,0.3891904761904762,0.65,0.71,0.5776839826839827,0.3891904761904762,0.5004885569182824,2.414081836271216,1.5175729071669048,0.7956475561142724,0.1008613729900389,2781.32,3
0,2.0,250.0,3.0,0.5905595238095238,0.79,0.9,0.6108754578754578,0.5905595238095238,0.5665755886079719,7.167879504046287,0.033980327299214,6.921529737637047,0.2123694391100252,3235355.52,5
1,3.0,250.0,3.0,0.5905595238095238,0.79,0.9,0.6108754578754578,0.5905595238095238,0.5665755886079719,4.109991326968884,0.9618074620299736,2.922801147368955,0.2253827175699553,866555.7,5
2,4.0,250.0,3.0,0.5855595238095238,0.79,0.89,0.6109652014652015,0.5855595238095238,0.5557094741849332,1.8487363628298044,0.0230077191023154,1.6075350745073955,0.2181935692200932,129724.38,5
3,5.0,250.0,3.0,0.5905595238095238,0.79,0.9,0.6108754578754578,0.5905595238095238,0.5665755886079719,5.022561379939434,0.0559685456001899,4.75320161343925,0.2133912208999936,1968128.0,5
4,5.0,250.0,40.0,0.5905595238095238,0.79,0.9,0.6108754578754578,0.5905595238095238,0.5665755886079719,3.319410006481921,0.3026858766697113,2.8220877093821763,0.1946364204300334,802816.0,5
5,5.0,250.0,63.0,0.5905595238095238,0.79,0.9,0.6108754578754578,0.5905595238095238,0.5665755886079719,3.5641941484838027,0.3915257727529391,2.9879381904908766,0.1847301852399868,903168.0,5
6,5.0,250.0,86.0,0.5905595238095238,0.79,0.9,0.6108754578754578,0.5905595238095238,0.5665755886079719,3.626921407524496,0.4782086463028099,2.974576734831571,0.1741360263901151,903168.0,5
7,5.0,250.0,100.0,0.5905595238095238,0.79,0.9,0.6108754578754578,0.5905595238095238,0.5665755886079719,3.039453451821464,0.5269683291524419,2.3454993025490327,0.1669858201199895,519168.0,5
8,5.0,250.0,132.0,0.5905595238095238,0.79,0.9,0.6108754578754578,0.5905595238095238,0.5665755886079719,3.121836190476897,0.6246921454468972,2.341823041769985,0.1553210032600145,519168.0,5
9,5.0,250.0,164.0,0.5905595238095238,0.79,0.9,0.6108754578754578,0.5905595238095238,0.5665755886079719,3.250964463519631,0.7740845975204138,2.332933969469268,0.1439458965299491,519168.0,5
10,5.0,250.0,196.0,0.5905595238095238,0.79,0.9,0.6108754578754578,0.5905595238095238,0.5665755886079719,3.3500659442448524,0.90594364514458,2.314003702800146,0.1301185963001262,519168.0,5
11,5.0,250.0,228.0,0.5905595238095238,0.79,0.9,0.6108754578754578,0.5905595238095238,0.5665755886079719,3.5102530971489614,1.0747553019371114,2.318589844241888,0.1169079509699622,519168.0,5
12,5.0,250.0,248.0,0.5905595238095238,0.79,0.9,0.6108754578754578,0.5905595238095238,0.5665755886079719,3.065387334242696,1.2644797649228714,1.6917690957098603,0.1091384736099644,184320.0,5
13,5.0,250.0,279.0,0.5905595238095238,0.79,0.9,0.6108754578754578,0.5905595238095238,0.5665755886079719,3.406217969362624,1.3614940000406932,1.949020607121965,0.0957033621999653,294912.0,5
14,6.0,250.0,3.0,0.5905595238095238,0.79,0.9,0.6108754578754578,0.5905595238095238,0.5665755886079719,3.753379318469088,0.3679838930402184,3.165827449528897,0.2195679758999722,1035050.41,5
15,6.0,250.0,40.0,0.5905595238095238,0.79,0.9,0.6108754578754578,0.5905595238095238,0.5665755886079719,2.760476692300872,0.4276103183592203,2.1389445312817226,0.1939218426599291,411831.22,5
16,6.0,250.0,63.0,0.5905595238095238,0.79,0.9,0.6108754578754578,0.5905595238095238,0.5665755886079719,2.875259841990774,0.5151108617236608,2.1730020230971787,0.1871469571699344,430245.92,5
17,6.0,250.0,86.0,0.5905595238095238,0.79,0.9,0.6108754578754578,0.5905595238095238,0.5665755886079719,2.9063968545396346,0.6113124913623325,2.117443804937302,0.1776405582400002,399870.8,5
18,6.0,250.0,100.0,0.5905595238095238,0.79,0.9,0.6108754578754578,0.5905595238095238,0.5665755886079719,2.70038509263366,0.638816011187155,1.8936708581564017,0.1678982232901034,263738.42,5
19,6.0,250.0,132.0,0.5905595238095238,0.79,0.9,0.6108754578754578,0.5905595238095238,0.5665755886079719,2.6162940329755657,0.7745102861151101,1.683578259650385,0.1582054872100707,176569.73,5
20,6.0,250.0,164.0,0.5905595238095238,0.79,0.9,0.6108754578754578,0.5905595238095238,0.5665755886079719,2.7462673363811336,0.9355445522314404,1.6657391542697768,0.1449836298799164,171126.88,5
21,6.0,250.0,196.0,0.5905595238095238,0.79,0.9,0.6108754578754578,0.5905595238095238,0.5665755886079719,2.9031459016300505,1.0938533599633955,1.6789865052165622,0.1303060364500925,170946.16,5
22,6.0,250.0,228.0,0.5905595238095238,0.79,0.9,0.6108754578754578,0.5905595238095238,0.5665755886079719,2.7708412668906384,1.276440205373801,1.3759040057369567,0.1184970557798806,84005.98,5
23,6.0,250.0,248.0,0.5905595238095238,0.79,0.9,0.6108754578754578,0.5905595238095238,0.5665755886079719,2.768800961423549,1.334813238105853,1.325533654977553,0.1084540683401428,62019.94,5
24,6.0,250.0,279.0,0.5905595238095238,0.79,0.9,0.6108754578754578,0.5905595238095238,0.5665755886079719,2.8227284504484853,1.4662692413572225,1.258670604161234,0.0977886049300286,47006.84,5
25,7.0,250.0,3.0,0.5641309523809525,0.75,0.86,0.5898452380952381,0.5641309523809525,0.5184380828714172,2.5502248057775434,0.0439656021469274,2.278301250880795,0.2279579527498208,492032.0,5
26,7.0,250.0,40.0,0.5553690476190476,0.79,0.86,0.5913293650793651,0.5553690476190476,0.5324626161743814,2.222554686041549,0.3002099075878506,1.7205128537335623,0.2018319247201361,200704.0,5
27,7.0,250.0,63.0,0.535202380952381,0.72,0.84,0.5822784992784993,0.535202380952381,0.5536895209135633,2.419596559610218,0.3889677040878454,1.8444934909021684,0.1861353646202042,225792.0,5
28,7.0,250.0,86.0,0.465297619047619,0.69,0.79,0.5777777777777778,0.465297619047619,0.5033126663266285,2.5145916069491068,0.4836866321990967,1.847612847799828,0.1832921269501821,225792.0,5
29,7.0,250.0,100.0,0.372595238095238,0.61,0.68,0.4837777777777777,0.372595238095238,0.4934258212252587,2.380699617610662,0.6019335467537166,1.6014687486369803,0.1772973222199652,129792.0,5
30,7.0,250.0,132.0,0.547297619047619,0.76,0.85,0.572058608058608,0.547297619047619,0.5631411916781118,2.5035985750955296,0.7465747550333617,1.6026707390023147,0.1543530810598531,129792.0,5
31,7.0,250.0,164.0,0.5349880952380952,0.76,0.85,0.5808646908646908,0.5349880952380952,0.5515388883181425,2.6128669105569133,0.8754420200746973,1.5907585047621613,0.1466663857200546,129792.0,5
32,7.0,250.0,196.0,0.5284642857142857,0.76,0.84,0.5920763125763125,0.5284642857142857,0.5409646736494486,2.7627424361050363,1.037291490712669,1.5944069010324164,0.1310440443599509,129792.0,5
33,7.0,250.0,228.0,0.5310357142857143,0.77,0.85,0.5923344155844156,0.5310357142857143,0.5441527117949112,2.9254492127813863,1.2068144026328809,1.6034410194186055,0.1151937907298997,129792.0,5
34,7.0,250.0,248.0,0.4451190476190476,0.7,0.78,0.6164404761904761,0.4451190476190476,0.5333586165024665,2.7423216129234063,1.324711114743841,1.311622903199641,0.1059875949799243,46080.0,5
35,7.0,250.0,279.0,0.3891904761904762,0.65,0.71,0.5776839826839827,0.3891904761904762,0.5004885569182824,2.917443969344022,1.4495033333014,1.3653098309924463,0.1026308050501756,73728.0,5
36,8.0,250.0,3.0,0.5641309523809525,0.75,0.86,0.5898452380952381,0.5641309523809525,0.5184380828714172,1.5838267705409088,0.1016463488223962,1.2610804133087368,0.2211000084097759,48514.85,5
37,8.0,250.0,40.0,0.5553690476190476,0.79,0.86,0.5913293650793651,0.5553690476190476,0.5324626161743814,1.6925490468123463,0.393862604435417,1.0963033945769711,0.2023830477999581,37186.75,5
38,8.0,250.0,63.0,0.535202380952381,0.72,0.84,0.5822784992784993,0.535202380952381,0.5536895209135633,1.8185053378110752,0.5229039926250698,1.1085241556259644,0.187077189560041,38682.44,5
39,8.0,250.0,86.0,0.465297619047619,0.69,0.79,0.5777777777777778,0.465297619047619,0.5033126663266285,1.895558640097152,0.6398481160204392,1.0711816810667003,0.1845288430100117,29215.23,5
40,8.0,250.0,100.0,0.372595238095238,0.61,0.68,0.4837777777777777,0.372595238095238,0.4934258212252587,1.9558157027809648,0.7219237367220921,1.055177338548674,0.1787146275101986,21453.24,5
41,8.0,250.0,132.0,0.547297619047619,0.76,0.85,0.572058608058608,0.547297619047619,0.5631411916781118,1.8342331667605325,0.8370755386841484,0.8432664453968755,0.1538911826795083,12461.16,5
42,8.0,250.0,164.0,0.5349880952380952,0.76,0.85,0.5808646908646908,0.5349880952380952,0.5515388883181425,1.943299056757824,0.9896141957538204,0.8033084037943626,0.1503764572096406,12147.17,5
43,8.0,250.0,196.0,0.5284642857142857,0.76,0.84,0.5920763125763125,0.5284642857142857,0.5409646736494486,2.078718369088019,1.1436005468171788,0.8035740634007743,0.131543758870066,11389.98,5
44,8.0,250.0,228.0,0.5310357142857143,0.77,0.85,0.5923344155844156,0.5310357142857143,0.5441527117949112,2.2706283852638443,1.363305375081254,0.7912261429628051,0.116096867219785,4065.58,5
45,8.0,250.0,248.0,0.4451190476190476,0.7,0.78,0.6164404761904761,0.4451190476190476,0.5333586165024665,2.368231061461265,1.4697501040453789,0.7899357246258659,0.1085452327900202,3595.87,5
46,8.0,250.0,279.0,0.3891904761904762,0.65,0.71,0.5776839826839827,0.3891904761904762,0.5004885569182824,2.5081749113008844,1.6167369990679434,0.7892382778429601,0.1021996343899809,2781.32,5
0,2.0,250.0,3.0,0.5905595238095238,0.79,0.9,0.6108754578754578,0.5905595238095238,0.5665755886079719,5.647680318501662,0.0334582410531583,5.397451853528146,0.2167702239203572,3235355.52,7
1,3.0,250.0,3.0,0.5905595238095238,0.79,0.9,0.6108754578754578,0.5905595238095238,0.5665755886079719,3.791339864730835,0.971281919971807,2.591585264589194,0.2284726801698343,866555.7,7
2,4.0,250.0,3.0,0.5855595238095238,0.79,0.89,0.6109652014652015,0.5855595238095238,0.5557094741849332,1.7995258064125663,0.0239315438445193,1.55433442319827,0.2212598393697772,129724.38,7
3,5.0,250.0,3.0,0.5905595238095238,0.79,0.9,0.6108754578754578,0.5905595238095238,0.5665755886079719,4.161521206487668,0.0503710317111103,3.895925873546039,0.2152243012305189,1968128.0,7
4,5.0,250.0,40.0,0.5905595238095238,0.79,0.9,0.6108754578754578,0.5905595238095238,0.5665755886079719,3.016635931575438,0.2998532482655718,2.522722132759882,0.1940605505499843,802816.0,7
5,5.0,250.0,63.0,0.5905595238095238,0.79,0.9,0.6108754578754578,0.5905595238095238,0.5665755886079719,3.212342641921714,0.3848870805586921,2.643681516272991,0.183774045090031,903168.0,7
6,5.0,250.0,86.0,0.5905595238095238,0.79,0.9,0.6108754578754578,0.5905595238095238,0.5665755886079719,3.2971897649928,0.4713971393118847,2.6510134723010923,0.1747791533798226,903168.0,7
7,5.0,250.0,100.0,0.5905595238095238,0.79,0.9,0.6108754578754578,0.5905595238095238,0.5665755886079719,2.915933407768607,0.5402485061698825,2.206589692758789,0.1690952088399353,519168.0,7
8,5.0,250.0,132.0,0.5905595238095238,0.79,0.9,0.6108754578754578,0.5905595238095238,0.5665755886079719,2.996082192439935,0.6524374393071048,2.1886306747029445,0.1550140784298855,519168.0,7
9,5.0,250.0,164.0,0.5905595238095238,0.79,0.9,0.6108754578754578,0.5905595238095238,0.5665755886079719,3.33536920012848,0.8025038341700568,2.387197669118359,0.1456676968400643,519168.0,7
10,5.0,250.0,196.0,0.5905595238095238,0.79,0.9,0.6108754578754578,0.5905595238095238,0.5665755886079719,3.468036112190457,0.9047817387914984,2.433669211069173,0.1295851623297858,519168.0,7
11,5.0,250.0,228.0,0.5905595238095238,0.79,0.9,0.6108754578754578,0.5905595238095238,0.5665755886079719,3.7295563253894217,1.1006966860301328,2.511786702169557,0.1170729371897323,519168.0,7
12,5.0,250.0,248.0,0.5905595238095238,0.79,0.9,0.6108754578754578,0.5905595238095238,0.5665755886079719,3.068454275749973,1.2713709279091563,1.6877080144210417,0.1093753334197754,184320.0,7
13,5.0,250.0,279.0,0.5905595238095238,0.79,0.9,0.6108754578754578,0.5905595238095238,0.5665755886079719,3.4586469811276768,1.3808553388196745,1.9800540139378064,0.097737628370196,294912.0,7
14,6.0,250.0,3.0,0.5905595238095238,0.79,0.9,0.6108754578754578,0.5905595238095238,0.5665755886079719,3.39912933380052,0.3717533023498256,2.8056460047105065,0.2217300267401879,1035050.41,7
15,6.0,250.0,40.0,0.5905595238095238,0.79,0.9,0.6108754578754578,0.5905595238095238,0.5665755886079719,2.686716366003384,0.4254424828995251,2.068012735554184,0.1932611475496742,411831.22,7
16,6.0,250.0,63.0,0.5905595238095238,0.79,0.9,0.6108754578754578,0.5905595238095238,0.5665755886079719,3.0512710220436565,0.5131445079034891,2.3538990298101634,0.1842274843300038,430245.92,7
17,6.0,250.0,86.0,0.5905595238095238,0.79,0.9,0.6108754578754578,0.5905595238095238,0.5665755886079719,2.971410269889166,0.6130065631621986,2.1788104110168933,0.179593295710074,399870.8,7
18,6.0,250.0,100.0,0.5905595238095238,0.79,0.9,0.6108754578754578,0.5905595238095238,0.5665755886079719,2.786807036901591,0.6547306306200333,1.9636999984517025,0.1683764078298554,263738.42,7
19,6.0,250.0,132.0,0.5905595238095238,0.79,0.9,0.6108754578754578,0.5905595238095238,0.5665755886079719,2.6319335990108086,0.8142302008072149,1.6627671507532795,0.1549362474503141,176569.73,7
20,6.0,250.0,164.0,0.5905595238095238,0.79,0.9,0.6108754578754578,0.5905595238095238,0.5665755886079719,2.7624196823401146,0.9470598852704282,1.6716340627399768,0.1437257343297096,171126.88,7
21,6.0,250.0,196.0,0.5905595238095238,0.79,0.9,0.6108754578754578,0.5905595238095238,0.5665755886079719,2.9157743060181383,1.1258536084205844,1.6580019536679174,0.1319187439296365,170946.16,7
22,6.0,250.0,228.0,0.5905595238095238,0.79,0.9,0.6108754578754578,0.5905595238095238,0.5665755886079719,2.7483198533253743,1.2516921796306268,1.378374367104916,0.1182533065898314,84005.98,7
23,6.0,250.0,248.0,0.5905595238095238,0.79,0.9,0.6108754578754578,0.5905595238095238,0.5665755886079719,2.775230402535526,1.3439987222047054,1.3215007228011384,0.1097309575296822,62019.94,7
24,6.0,250.0,279.0,0.5905595238095238,0.79,0.9,0.6108754578754578,0.5905595238095238,0.5665755886079719,2.9656658214866183,1.466193914587493,1.4036812299589656,0.0957906769401597,47006.84,7
25,7.0,250.0,3.0,0.5641309523809525,0.75,0.86,0.5898452380952381,0.5641309523809525,0.5184380828714172,2.440927513659699,0.0452668086526686,2.177240569696951,0.2184201353100797,492032.0,7
26,7.0,250.0,40.0,0.5553690476190476,0.79,0.86,0.5913293650793651,0.5553690476190476,0.5324626161743814,2.295273245830904,0.3044479279016379,1.7922835540993405,0.1985417638299259,200704.0,7
27,7.0,250.0,63.0,0.535202380952381,0.72,0.84,0.5822784992784993,0.535202380952381,0.5536895209135633,2.458124100210844,0.3824281398463065,1.8916676481648027,0.1840283121997345,225792.0,7
28,7.0,250.0,86.0,0.465297619047619,0.69,0.79,0.5777777777777778,0.465297619047619,0.5033126663266285,2.5742688543896657,0.5000751287391179,1.8916705684204496,0.1825231572300981,225792.0,7
29,7.0,250.0,100.0,0.372595238095238,0.61,0.68,0.4837777777777777,0.372595238095238,0.4934258212252587,2.4266852691688108,0.6189851990080204,1.6277091706209468,0.1799908995398436,129792.0,7
30,7.0,250.0,132.0,0.547297619047619,0.76,0.85,0.572058608058608,0.547297619047619,0.5631411916781118,2.516754190973006,0.7412041105999376,1.6206193180634727,0.1549307623095956,129792.0,7
31,7.0,250.0,164.0,0.5349880952380952,0.76,0.85,0.5808646908646908,0.5349880952380952,0.5515388883181425,2.6725124402577056,0.8890656587894772,1.6368674648776504,0.1465793165905779,129792.0,7
32,7.0,250.0,196.0,0.5284642857142857,0.76,0.84,0.5920763125763125,0.5284642857142857,0.5409646736494486,2.77812630852859,1.028615448786295,1.619776972291875,0.1297338874504203,129792.0,7
33,7.0,250.0,228.0,0.5310357142857143,0.77,0.85,0.5923344155844156,0.5310357142857143,0.5441527117949112,2.954123184021446,1.2035656873841074,1.6353306862472528,0.115226810390086,129792.0,7
34,7.0,250.0,248.0,0.4451190476190476,0.7,0.78,0.6164404761904761,0.4451190476190476,0.5333586165024665,2.736884074578993,1.3091164294217017,1.318495114266916,0.1092725308903754,46080.0,7
35,7.0,250.0,279.0,0.3891904761904762,0.65,0.71,0.5776839826839827,0.3891904761904762,0.5004885569182824,2.894365641669137,1.436438398608589,1.3555576990609552,0.1023695439995935,73728.0,7
36,8.0,250.0,3.0,0.5641309523809525,0.75,0.86,0.5898452380952381,0.5641309523809525,0.5184380828714172,1.580006463409518,0.1056304148503113,1.2538858148191503,0.2204902337400562,48514.85,7
37,8.0,250.0,40.0,0.5553690476190476,0.79,0.86,0.5913293650793651,0.5553690476190476,0.5324626161743814,1.677561247505946,0.390858212301391,1.0862591315541068,0.2004439036504482,37186.75,7
38,8.0,250.0,63.0,0.535202380952381,0.72,0.84,0.5822784992784993,0.535202380952381,0.5536895209135633,1.817659070562804,0.5256784708111082,1.105944176551202,0.186036423200494,38682.44,7
39,8.0,250.0,86.0,0.465297619047619,0.69,0.79,0.5777777777777778,0.465297619047619,0.5033126663266285,1.89275694565964,0.6452203542395729,1.0646444690494534,0.1828921223706129,29215.23,7
40,8.0,250.0,100.0,0.372595238095238,0.61,0.68,0.4837777777777777,0.372595238095238,0.4934258212252587,1.9755577295739204,0.7335846500255867,1.063568161218136,0.1784049183301977,21453.24,7
41,8.0,250.0,132.0,0.547297619047619,0.76,0.85,0.572058608058608,0.547297619047619,0.5631411916781118,1.7975713866198202,0.8395499836187809,0.8015063495913637,0.1565150534096756,12461.16,7
42,8.0,250.0,164.0,0.5349880952380952,0.76,0.85,0.5808646908646908,0.5349880952380952,0.5515388883181425,1.9462571962882067,0.9951377601060086,0.8000458016625634,0.1510736345196346,12147.17,7
43,8.0,250.0,196.0,0.5284642857142857,0.76,0.84,0.5920763125763125,0.5284642857142857,0.5409646736494486,2.045301535921753,1.1155729387659812,0.7986827181763511,0.1310458789794211,11389.98,7
44,8.0,250.0,228.0,0.5310357142857143,0.77,0.85,0.5923344155844156,0.5310357142857143,0.5441527117949112,2.226638087211177,1.314565762015409,0.7952545730857673,0.1168177521100005,4065.58,7
45,8.0,250.0,248.0,0.4451190476190476,0.7,0.78,0.6164404761904761,0.4451190476190476,0.5333586165024665,2.3654263013548915,1.4653177574242,0.7917262553801265,0.1083822885505651,3595.87,7
46,8.0,250.0,279.0,0.3891904761904762,0.65,0.71,0.5776839826839827,0.3891904761904762,0.5004885569182824,2.482034603729262,1.5870487869065255,0.7898361743928398,0.1051496424298966,2781.32,7
0,2.0,250.0,3.0,0.5905595238095238,0.79,0.9,0.6108754578754578,0.5905595238095238,0.5665755886079719,5.662969116091845,0.0328501218074235,5.420365769014825,0.2097532252695964,3235355.52,10
1,3.0,250.0,3.0,0.5905595238095238,0.79,0.9,0.6108754578754578,0.5905595238095238,0.5665755886079719,4.066033516590251,0.9619345298758706,2.8831796855547145,0.2209193011596653,866555.7,10
2,4.0,250.0,3.0,0.5855595238095238,0.79,0.89,0.6109652014652015,0.5855595238095238,0.5557094741849332,1.7972884373611304,0.0247254053817596,1.5556324626698188,0.2169305693095521,129724.38,10
3,5.0,250.0,3.0,0.5905595238095238,0.79,0.9,0.6108754578754578,0.5905595238095238,0.5665755886079719,4.6389646379003535,0.0554492039448817,4.3576329958259885,0.2258824381294835,1968128.0,10
4,5.0,250.0,40.0,0.5905595238095238,0.79,0.9,0.6108754578754578,0.5905595238095238,0.5665755886079719,2.9406697950942906,0.3072654934844467,2.431947653069583,0.201456648540261,802816.0,10
5,5.0,250.0,63.0,0.5905595238095238,0.79,0.9,0.6108754578754578,0.5905595238095238,0.5665755886079719,3.06181146266812,0.3932795519259526,2.487941800302433,0.1805901104397344,903168.0,10
6,5.0,250.0,86.0,0.5905595238095238,0.79,0.9,0.6108754578754578,0.5905595238095238,0.5665755886079719,3.164511561210384,0.4751711672317467,2.516513677608382,0.1728267163702548,903168.0,10
7,5.0,250.0,100.0,0.5905595238095238,0.79,0.9,0.6108754578754578,0.5905595238095238,0.5665755886079719,2.871627479477902,0.5367728062567769,2.168675486290958,0.1661791869301669,519168.0,10
8,5.0,250.0,132.0,0.5905595238095238,0.79,0.9,0.6108754578754578,0.5905595238095238,0.5665755886079719,3.03161396203388,0.6533303773618533,2.224297453192485,0.1539861314795416,519168.0,10
9,5.0,250.0,164.0,0.5905595238095238,0.79,0.9,0.6108754578754578,0.5905595238095238,0.5665755886079719,3.107424922649516,0.7927407274377765,2.174068437301976,0.1406157579097635,519168.0,10
10,5.0,250.0,196.0,0.5905595238095238,0.79,0.9,0.6108754578754578,0.5905595238095238,0.5665755886079719,3.2208687772613485,0.921653776949388,2.170859592741399,0.1283554075705615,519168.0,10
11,5.0,250.0,228.0,0.5905595238095238,0.79,0.9,0.6108754578754578,0.5905595238095238,0.5665755886079719,3.4040548969974043,1.0984485614881851,2.190820361039223,0.1147859744699962,519168.0,10
12,5.0,250.0,248.0,0.5905595238095238,0.79,0.9,0.6108754578754578,0.5905595238095238,0.5665755886079719,3.024978069040808,1.262552202501683,1.6555789281890612,0.1068469383500632,184320.0,10
13,5.0,250.0,279.0,0.5905595238095238,0.79,0.9,0.6108754578754578,0.5905595238095238,0.5665755886079719,3.429051568831783,1.3856374488037546,1.9484760456379444,0.0949380743900837,294912.0,10
14,6.0,250.0,3.0,0.5905595238095238,0.79,0.9,0.6108754578754578,0.5905595238095238,0.5665755886079719,3.3540229693084256,0.3732249227247664,2.7604469763035016,0.2203510702801577,1035050.41,10
15,6.0,250.0,40.0,0.5905595238095238,0.79,0.9,0.6108754578754578,0.5905595238095238,0.5665755886079719,2.648221512710443,0.4191443800652634,2.035817853374537,0.1932592792706418,411831.22,10
16,6.0,250.0,63.0,0.5905595238095238,0.79,0.9,0.6108754578754578,0.5905595238095238,0.5665755886079719,2.76558233009011,0.5356031217676356,2.044454829782189,0.1855243785402854,430245.92,10
17,6.0,250.0,86.0,0.5905595238095238,0.79,0.9,0.6108754578754578,0.5905595238095238,0.5665755886079719,2.832484034849331,0.6358566235395848,2.0209413561400287,0.1756860551697173,399870.8,10
18,6.0,250.0,100.0,0.5905595238095238,0.79,0.9,0.6108754578754578,0.5905595238095238,0.5665755886079719,2.741683538139914,0.6867795454501175,1.8848357358796053,0.170068256810191,263738.42,10
19,6.0,250.0,132.0,0.5905595238095238,0.79,0.9,0.6108754578754578,0.5905595238095238,0.5665755886079719,2.6067934910662007,0.8237852289091099,1.6275316456567088,0.155476616500382,176569.73,10
20,6.0,250.0,164.0,0.5905595238095238,0.79,0.9,0.6108754578754578,0.5905595238095238,0.5665755886079719,2.77171177313081,0.9873688106710324,1.6415320961100952,0.1428108663496823,171126.88,10
21,6.0,250.0,196.0,0.5905595238095238,0.79,0.9,0.6108754578754578,0.5905595238095238,0.5665755886079719,2.895799447627505,1.1199697791441574,1.6449317629730649,0.1308979055102827,170946.16,10
22,6.0,250.0,228.0,0.5905595238095238,0.79,0.9,0.6108754578754578,0.5905595238095238,0.5665755886079719,2.755009359882097,1.2817284410609864,1.3557382957512891,0.1175426230698212,84005.98,10
23,6.0,250.0,248.0,0.5905595238095238,0.79,0.9,0.6108754578754578,0.5905595238095238,0.5665755886079719,2.779414347418351,1.3473585875262506,1.3227958977322851,0.1092598621598153,62019.94,10
24,6.0,250.0,279.0,0.5905595238095238,0.79,0.9,0.6108754578754578,0.5905595238095238,0.5665755886079719,2.8527399543172214,1.4893969391460995,1.2664924436909497,0.0968505714801722,47006.84,10
25,7.0,250.0,3.0,0.5641309523809525,0.75,0.86,0.5898452380952381,0.5641309523809525,0.5184380828714172,2.3936025819613134,0.0417457265791019,2.133250873712459,0.2186059816697525,492032.0,10
26,7.0,250.0,40.0,0.5553690476190476,0.79,0.86,0.5913293650793651,0.5553690476190476,0.5324626161743814,2.163575494408724,0.3025720294011991,1.661030635937277,0.1999728290702478,200704.0,10
27,7.0,250.0,63.0,0.535202380952381,0.72,0.84,0.5822784992784993,0.535202380952381,0.5536895209135633,2.4139764428767374,0.3868391096492996,1.84075973559724,0.1863775976301985,225792.0,10
28,7.0,250.0,86.0,0.465297619047619,0.69,0.79,0.5777777777777778,0.465297619047619,0.5033126663266285,2.5362597007694423,0.5087595340801636,1.844572240919515,0.1829279257697635,225792.0,10
29,7.0,250.0,100.0,0.372595238095238,0.61,0.68,0.4837777777777777,0.372595238095238,0.4934258212252587,2.403009257943486,0.630171459137346,1.5939125320165477,0.1789252667895925,129792.0,10
30,7.0,250.0,132.0,0.547297619047619,0.76,0.85,0.572058608058608,0.547297619047619,0.5631411916781118,2.5221488387236604,0.7642811604129383,1.6035920316405827,0.1542756466701394,129792.0,10
31,7.0,250.0,164.0,0.5349880952380952,0.76,0.85,0.5808646908646908,0.5349880952380952,0.5515388883181425,2.6323314101004507,0.8839053002709989,1.5989740499996696,0.1494520598297822,129792.0,10
32,7.0,250.0,196.0,0.5284642857142857,0.76,0.84,0.5920763125763125,0.5284642857142857,0.5409646736494486,2.781954735319596,1.0507168801268565,1.601423275722336,0.1298145794704032,129792.0,10
33,7.0,250.0,228.0,0.5310357142857143,0.77,0.85,0.5923344155844156,0.5310357142857143,0.5441527117949112,2.9560890097089576,1.2209746822778833,1.619812791451186,0.1153015359798882,129792.0,10
34,7.0,250.0,248.0,0.4451190476190476,0.7,0.78,0.6164404761904761,0.4451190476190476,0.5333586165024665,2.7380626597855007,1.3155220394447678,1.3151860920302716,0.1073545283104613,46080.0,10
35,7.0,250.0,279.0,0.3891904761904762,0.65,0.71,0.5776839826839827,0.3891904761904762,0.5004885569182824,2.869103638441884,1.4347465327015378,1.3322999412504577,0.1020571644898882,73728.0,10
36,8.0,250.0,3.0,0.5641309523809525,0.75,0.86,0.5898452380952381,0.5641309523809525,0.5184380828714172,1.5788829756970515,0.1077456030476604,1.24571922204952,0.2254181505998713,48514.85,10
37,8.0,250.0,40.0,0.5553690476190476,0.79,0.86,0.5913293650793651,0.5553690476190476,0.5324626161743814,1.6767962126078784,0.3982013015699341,1.077120000447976,0.2014749105899682,37186.75,10
38,8.0,250.0,63.0,0.535202380952381,0.72,0.84,0.5822784992784993,0.535202380952381,0.5536895209135633,1.8214540640590715,0.5423771618807223,1.091506435668125,0.1875704665102239,38682.44,10
39,8.0,250.0,86.0,0.465297619047619,0.69,0.79,0.5777777777777778,0.465297619047619,0.5033126663266285,1.889005617717048,0.6397594835684868,1.0620871708286723,0.1871589633198891,29215.23,10
40,8.0,250.0,100.0,0.372595238095238,0.61,0.68,0.4837777777777777,0.372595238095238,0.4934258212252587,1.9517939506028776,0.7268924094719114,1.0453207183114137,0.1795808228195528,21453.24,10
41,8.0,250.0,132.0,0.547297619047619,0.76,0.85,0.572058608058608,0.547297619047619,0.5631411916781118,1.7850129367603222,0.8351763451675652,0.7952670897228381,0.1545695018699188,12461.16,10
42,8.0,250.0,164.0,0.5349880952380952,0.76,0.85,0.5808646908646908,0.5349880952380952,0.5515388883181425,1.9179648698389065,0.9741894004779168,0.7942590216811368,0.1495164476798527,12147.17,10
43,8.0,250.0,196.0,0.5284642857142857,0.76,0.84,0.5920763125763125,0.5284642857142857,0.5409646736494486,2.083926050412701,1.1565236878022551,0.795548902980663,0.1318534596297831,11389.98,10
44,8.0,250.0,228.0,0.5310357142857143,0.77,0.85,0.5923344155844156,0.5310357142857143,0.5441527117949112,2.2748113804380408,1.3646039791381916,0.7942667287393851,0.115940672560464,4065.58,10
45,8.0,250.0,248.0,0.4451190476190476,0.7,0.78,0.6164404761904761,0.4451190476190476,0.5333586165024665,2.3462127251928906,1.4477511352824513,0.7900717390900536,0.1083898508203856,3595.87,10
46,8.0,250.0,279.0,0.3891904761904762,0.65,0.71,0.5776839826839827,0.3891904761904762,0.5004885569182824,2.468087269261596,1.577856356461416,0.788166607230014,0.1020643055701657,2781.32,10
0,2.0,250.0,3.0,0.5905595238095238,0.79,0.9,0.6108754578754578,0.5905595238095238,0.5665755886079719,3.832375065415981,0.0325702837080461,3.5804251972278145,0.2193795844801206,3235355.52,15
1,3.0,250.0,3.0,0.5905595238095238,0.79,0.9,0.6108754578754578,0.5905595238095238,0.5665755886079719,3.518741581827635,0.9689240939507724,2.321588579376694,0.2282289085001684,866555.7,15
2,4.0,250.0,3.0,0.5855595238095238,0.79,0.89,0.6109652014652015,0.5855595238095238,0.5557094741849332,1.7781215844501277,0.0229625980049603,1.5345214700048382,0.2206375164403289,129724.38,15
3,5.0,250.0,3.0,0.5905595238095238,0.79,0.9,0.6108754578754578,0.5905595238095238,0.5665755886079719,3.193372412197641,0.0502049140073359,2.9246098836604504,0.2185576145298546,1968128.0,15
4,5.0,250.0,40.0,0.5905595238095238,0.79,0.9,0.6108754578754578,0.5905595238095238,0.5665755886079719,2.766005160710192,0.2919592825393189,2.278978496161217,0.1950673820096563,802816.0,15
5,5.0,250.0,63.0,0.5905595238095238,0.79,0.9,0.6108754578754578,0.5905595238095238,0.5665755886079719,2.9121228676283497,0.3808497046912085,2.346441819336833,0.1848313436003081,903168.0,15
6,5.0,250.0,86.0,0.5905595238095238,0.79,0.9,0.6108754578754578,0.5905595238095238,0.5665755886079719,3.0020933350757697,0.4691967910469978,2.358046343998504,0.1748502000302687,903168.0,15
7,5.0,250.0,100.0,0.5905595238095238,0.79,0.9,0.6108754578754578,0.5905595238095238,0.5665755886079719,2.8438585001340835,0.5422967642161529,2.1339497618281165,0.1676119740898138,519168.0,15
8,5.0,250.0,132.0,0.5905595238095238,0.79,0.9,0.6108754578754578,0.5905595238095238,0.5665755886079719,2.956635550307692,0.6655284695164303,2.1352187752010647,0.1558883055901969,519168.0,15
9,5.0,250.0,164.0,0.5905595238095238,0.79,0.9,0.6108754578754578,0.5905595238095238,0.5665755886079719,3.0798144365032205,0.8046833332686223,2.130054413055477,0.1450766901791212,519168.0,15
10,5.0,250.0,196.0,0.5905595238095238,0.79,0.9,0.6108754578754578,0.5905595238095238,0.5665755886079719,3.212674860249972,0.9571261201711604,2.1256689644482685,0.129879775630543,519168.0,15
11,5.0,250.0,228.0,0.5905595238095238,0.79,0.9,0.6108754578754578,0.5905595238095238,0.5665755886079719,3.3686753352120284,1.125203412050614,2.124373916221375,0.1190980069400393,519168.0,15
12,5.0,250.0,248.0,0.5905595238095238,0.79,0.9,0.6108754578754578,0.5905595238095238,0.5665755886079719,2.9959257310797693,1.2751218935009092,1.6105056923479424,0.1102981452309177,184320.0,15
13,5.0,250.0,279.0,0.5905595238095238,0.79,0.9,0.6108754578754578,0.5905595238095238,0.5665755886079719,3.369947306799586,1.3859874857607066,1.8855663160281253,0.0983935050107538,294912.0,15
14,6.0,250.0,3.0,0.5905595238095238,0.79,0.9,0.6108754578754578,0.5905595238095238,0.5665755886079719,3.013045193986618,0.3687363914703017,2.4217133349270443,0.2225954675892717,1035050.41,15
15,6.0,250.0,40.0,0.5905595238095238,0.79,0.9,0.6108754578754578,0.5905595238095238,0.5665755886079719,2.579513991062995,0.428954932172783,1.95380298934062,0.1967560695495922,411831.22,15
16,6.0,250.0,63.0,0.5905595238095238,0.79,0.9,0.6108754578754578,0.5905595238095238,0.5665755886079719,2.669862180043128,0.5131615229224553,1.9686464003114088,0.1880542568092642,430245.92,15
17,6.0,250.0,86.0,0.5905595238095238,0.79,0.9,0.6108754578754578,0.5905595238095238,0.5665755886079719,2.739685692151543,0.6362582223623758,1.9254198355984409,0.1780076341907261,399870.8,15
18,6.0,250.0,100.0,0.5905595238095238,0.79,0.9,0.6108754578754578,0.5905595238095238,0.5665755886079719,2.6952808472467584,0.6738477750477614,1.851142966289772,0.1702901059092255,263738.42,15
19,6.0,250.0,132.0,0.5905595238095238,0.79,0.9,0.6108754578754578,0.5905595238095238,0.5665755886079719,2.5574451176292494,0.7878301882190861,1.609034581479791,0.1605803479303722,176569.73,15
20,6.0,250.0,164.0,0.5905595238095238,0.79,0.9,0.6108754578754578,0.5905595238095238,0.5665755886079719,2.7075731638574507,0.9556001911184284,1.6033437070487708,0.1486292656902514,171126.88,15
21,6.0,250.0,196.0,0.5905595238095238,0.79,0.9,0.6108754578754578,0.5905595238095238,0.5665755886079719,2.833508366999449,1.1016609642805997,1.5988224039590568,0.1330249987597926,170946.16,15
22,6.0,250.0,228.0,0.5905595238095238,0.79,0.9,0.6108754578754578,0.5905595238095238,0.5665755886079719,2.7306493009108816,1.26153911651636,1.347220498394745,0.1218896859997767,84005.98,15
23,6.0,250.0,248.0,0.5905595238095238,0.79,0.9,0.6108754578754578,0.5905595238095238,0.5665755886079719,2.756821895800531,1.331020747954608,1.3134526006851228,0.1123485471608,62019.94,15
24,6.0,250.0,279.0,0.5905595238095238,0.79,0.9,0.6108754578754578,0.5905595238095238,0.5665755886079719,2.8177583529165715,1.453453135393793,1.263735747243336,0.1005694702794426,47006.84,15
25,7.0,250.0,3.0,0.5641309523809525,0.75,0.86,0.5898452380952381,0.5641309523809525,0.5184380828714172,2.448087576329126,0.0381457765679806,2.186434319911641,0.2235074798495043,492032.0,15
26,7.0,250.0,40.0,0.5553690476190476,0.79,0.86,0.5913293650793651,0.5553690476190476,0.5324626161743814,2.136437339229742,0.2988270724000175,1.6328967714005558,0.2047134954291687,200704.0,15
27,7.0,250.0,63.0,0.535202380952381,0.72,0.84,0.5822784992784993,0.535202380952381,0.5536895209135633,2.4186597593605983,0.3850859713606769,1.8446025937111696,0.1889711942887516,225792.0,15
28,7.0,250.0,86.0,0.465297619047619,0.69,0.79,0.5777777777777778,0.465297619047619,0.5033126663266285,2.5132093452831032,0.4772457606764511,1.8500310881380573,0.1859324964685947,225792.0,15
29,7.0,250.0,100.0,0.372595238095238,0.61,0.68,0.4837777777777777,0.372595238095238,0.4934258212252587,2.360554942240705,0.5931500928633611,1.589167953938304,0.1782368954390404,129792.0,15
30,7.0,250.0,132.0,0.547297619047619,0.76,0.85,0.572058608058608,0.547297619047619,0.5631411916781118,2.461851260908879,0.7241365403507369,1.583319913607265,0.1543948069508769,129792.0,15
31,7.0,250.0,164.0,0.5349880952380952,0.76,0.85,0.5808646908646908,0.5349880952380952,0.5515388883181425,2.5861229986127,0.846493758064462,1.5910724526990088,0.1485567878492293,129792.0,15
32,7.0,250.0,196.0,0.5284642857142857,0.76,0.84,0.5920763125763125,0.5284642857142857,0.5409646736494486,2.691177899299655,0.9733079164003716,1.5860752660786968,0.1317947168205864,129792.0,15
33,7.0,250.0,228.0,0.5310357142857143,0.77,0.85,0.5923344155844156,0.5310357142857143,0.5441527117949112,2.887766154077253,1.1844068730156867,1.5865196586417734,0.1168396224197931,129792.0,15
34,7.0,250.0,248.0,0.4451190476190476,0.7,0.78,0.6164404761904761,0.4451190476190476,0.5333586165024665,2.727093952440191,1.3074459621391723,1.3115383301513794,0.1081096601496392,46080.0,15
35,7.0,250.0,279.0,0.3891904761904762,0.65,0.71,0.5776839826839827,0.3891904761904762,0.5004885569182824,2.8362917607091367,1.4116689262690487,1.3239201412205877,0.1007026932195003,73728.0,15
36,8.0,250.0,3.0,0.5641309523809525,0.75,0.86,0.5898452380952381,0.5641309523809525,0.5184380828714172,1.5599725676502567,0.1024186837067828,1.2355897022024145,0.2219641817410592,48514.85,15
37,8.0,250.0,40.0,0.5553690476190476,0.79,0.86,0.5913293650793651,0.5553690476190476,0.5324626161743814,1.653844995408435,0.3889646476053168,1.0635789959733664,0.2013013518297521,37186.75,15
38,8.0,250.0,63.0,0.535202380952381,0.72,0.84,0.5822784992784993,0.535202380952381,0.5536895209135633,1.7792223322449718,0.5105373683164363,1.082177140378626,0.1865078235499095,38682.44,15
39,8.0,250.0,86.0,0.465297619047619,0.69,0.79,0.5777777777777778,0.465297619047619,0.5033126663266285,1.8640572338667696,0.6301176379527897,1.050354246875213,0.1835853490387671,29215.23,15
40,8.0,250.0,100.0,0.372595238095238,0.61,0.68,0.4837777777777777,0.372595238095238,0.4934258212252587,1.936404434499564,0.71263878317317,1.0441596022662998,0.1796060490600939,21453.24,15
41,8.0,250.0,132.0,0.547297619047619,0.76,0.85,0.572058608058608,0.547297619047619,0.5631411916781118,1.7726192437816644,0.8222354578820522,0.7934435704303906,0.1569402154692215,12461.16,15
42,8.0,250.0,164.0,0.5349880952380952,0.76,0.85,0.5808646908646908,0.5349880952380952,0.5515388883181425,1.9221584990795235,0.980338962348178,0.7936607043020194,0.1481588324293261,12147.17,15
43,8.0,250.0,196.0,0.5284642857142857,0.76,0.84,0.5920763125763125,0.5284642857142857,0.5409646736494486,2.0882025253219765,1.1398991034459325,0.8177155888361449,0.1305878330398991,11389.98,15
44,8.0,250.0,228.0,0.5310357142857143,0.77,0.85,0.5923344155844156,0.5310357142857143,0.5441527117949112,2.215623218131368,1.247085015789489,0.8513147219829261,0.1172234803589526,4065.58,15
45,8.0,250.0,248.0,0.4451190476190476,0.7,0.78,0.6164404761904761,0.4451190476190476,0.5333586165024665,2.312319452913944,1.4177517489850289,0.7870291343978897,0.1075385695310251,3595.87,15
46,8.0,250.0,279.0,0.3891904761904762,0.65,0.71,0.5776839826839827,0.3891904761904762,0.5004885569182824,2.407240968257538,1.5145958842051912,0.7904987039421394,0.1021463801102072,2781.32,15
0,2.0,250.0,3.0,0.5905595238095238,0.79,0.9,0.6108754578754578,0.5905595238095238,0.5665755886079719,3.5462913172412662,0.0314200052199882,3.301955045251316,0.212916266769962,3235355.52,20
1,3.0,250.0,3.0,0.5905595238095238,0.79,0.9,0.6108754578754578,0.5905595238095238,0.5665755886079719,3.470269998818403,0.9708291097683834,2.2778930231800403,0.2215478658699794,866555.7,20
2,4.0,250.0,3.0,0.5855595238095238,0.79,0.89,0.6109652014652015,0.5855595238095238,0.5557094741849332,1.7523126531380695,0.0225297425827011,1.5127202719153685,0.2170626386399999,129724.38,20
3,5.0,250.0,3.0,0.5905595238095238,0.79,0.9,0.6108754578754578,0.5905595238095238,0.5665755886079719,2.9995358556119025,0.0482543325290314,2.7409519353228733,0.2103295877599976,1968128.0,20
4,5.0,250.0,40.0,0.5905595238095238,0.79,0.9,0.6108754578754578,0.5905595238095238,0.5665755886079719,2.707506237993366,0.3074664163729173,2.2116372573204446,0.1884025643000041,802816.0,20
5,5.0,250.0,63.0,0.5905595238095238,0.79,0.9,0.6108754578754578,0.5905595238095238,0.5665755886079719,2.88251505814842,0.3816986195230858,2.321621261085338,0.1791951775399957,903168.0,20
6,5.0,250.0,86.0,0.5905595238095238,0.79,0.9,0.6108754578754578,0.5905595238095238,0.5665755886079719,3.1330309936974663,0.4635399281390708,2.498071886318366,0.1714191792400288,903168.0,20
7,5.0,250.0,100.0,0.5905595238095238,0.79,0.9,0.6108754578754578,0.5905595238095238,0.5665755886079719,2.793520977901062,0.5295378393493593,2.101071921511675,0.1629112170400276,519168.0,20
8,5.0,250.0,132.0,0.5905595238095238,0.79,0.9,0.6108754578754578,0.5905595238095238,0.5665755886079719,2.902992428500438,0.6389334720012267,2.111595058929206,0.1524638975700054,519168.0,20
9,5.0,250.0,164.0,0.5905595238095238,0.79,0.9,0.6108754578754578,0.5905595238095238,0.5665755886079719,3.028950353508699,0.7885457688354656,2.100251476093217,0.1401531085800161,519168.0,20
10,5.0,250.0,196.0,0.5905595238095238,0.79,0.9,0.6108754578754578,0.5905595238095238,0.5665755886079719,3.1781032600905745,0.949100278811529,2.101286364129037,0.1277166171500084,519168.0,20
11,5.0,250.0,228.0,0.5905595238095238,0.79,0.9,0.6108754578754578,0.5905595238095238,0.5665755886079719,3.362350011149538,1.100939784833463,2.1481302563660667,0.1132799699500083,519168.0,20
12,5.0,250.0,248.0,0.5905595238095238,0.79,0.9,0.6108754578754578,0.5905595238095238,0.5665755886079719,2.9695964641211323,1.2801636920642343,1.5837720055469162,0.1056607665099818,184320.0,20
13,5.0,250.0,279.0,0.5905595238095238,0.79,0.9,0.6108754578754578,0.5905595238095238,0.5665755886079719,3.356965008292464,1.3907454314595091,1.872083925623101,0.0941356512098536,294912.0,20
14,6.0,250.0,3.0,0.5905595238095238,0.79,0.9,0.6108754578754578,0.5905595238095238,0.5665755886079719,3.023259508649935,0.3693291685410078,2.43602887465895,0.2179014654499769,1035050.41,20
15,6.0,250.0,40.0,0.5905595238095238,0.79,0.9,0.6108754578754578,0.5905595238095238,0.5665755886079719,2.5617421176383504,0.4216227561410051,1.948022412267328,0.1920969492300173,411831.22,20
16,6.0,250.0,63.0,0.5905595238095238,0.79,0.9,0.6108754578754578,0.5905595238095238,0.5665755886079719,2.6647835581901016,0.5156669695925666,1.9642851082874768,0.1848314803100584,430245.92,20
17,6.0,250.0,86.0,0.5905595238095238,0.79,0.9,0.6108754578754578,0.5905595238095238,0.5665755886079719,2.732751378768007,0.6261300868174291,1.930590572460588,0.1760307194899905,399870.8,20
18,6.0,250.0,100.0,0.5905595238095238,0.79,0.9,0.6108754578754578,0.5905595238095238,0.5665755886079719,2.7002438315103063,0.6739208896958733,1.862299501334492,0.1640234404799412,263738.42,20
19,6.0,250.0,132.0,0.5905595238095238,0.79,0.9,0.6108754578754578,0.5905595238095238,0.5665755886079719,2.581231006637099,0.8139642037387238,1.6138558012283284,0.1534110016700469,176569.73,20
20,6.0,250.0,164.0,0.5905595238095238,0.79,0.9,0.6108754578754578,0.5905595238095238,0.5665755886079719,2.705831671338528,0.9559927924984366,1.6090117605698833,0.1408271182702083,171126.88,20
21,6.0,250.0,196.0,0.5905595238095238,0.79,0.9,0.6108754578754578,0.5905595238095238,0.5665755886079719,2.83673606909928,1.0883259492594517,1.6208576652596822,0.1275524545801454,170946.16,20
22,6.0,250.0,228.0,0.5905595238095238,0.79,0.9,0.6108754578754578,0.5905595238095238,0.5665755886079719,2.7482525381317826,1.2774706862732998,1.3565551039985986,0.1142267478598842,84005.98,20
23,6.0,250.0,248.0,0.5905595238095238,0.79,0.9,0.6108754578754578,0.5905595238095238,0.5665755886079719,2.7687389922549484,1.3316409536550056,1.3298394947698398,0.107258543830103,62019.94,20
24,6.0,250.0,279.0,0.5905595238095238,0.79,0.9,0.6108754578754578,0.5905595238095238,0.5665755886079719,2.8332330849097342,1.4654503767273854,1.2736597562424503,0.0941229519398984,47006.84,20
25,7.0,250.0,3.0,0.5641309523809525,0.75,0.86,0.5898452380952381,0.5641309523809525,0.5184380828714172,2.3861468422500183,0.0398276007326785,2.131909007857248,0.2144102336600917,492032.0,20
26,7.0,250.0,40.0,0.5553690476190476,0.79,0.86,0.5913293650793651,0.5553690476190476,0.5324626161743814,2.1145014892704785,0.3009149814670673,1.618642131283341,0.1949443765200703,200704.0,20
27,7.0,250.0,63.0,0.535202380952381,0.72,0.84,0.5822784992784993,0.535202380952381,0.5536895209135633,2.4149757630785462,0.3866172168892809,1.844700888569314,0.1836576576199513,225792.0,20
28,7.0,250.0,86.0,0.465297619047619,0.69,0.79,0.5777777777777778,0.465297619047619,0.5033126663266285,2.5186617681669303,0.4809653021470876,1.85690696603986,0.1807894999799827,225792.0,20
29,7.0,250.0,100.0,0.372595238095238,0.61,0.68,0.4837777777777777,0.372595238095238,0.4934258212252587,2.375648945668363,0.6088717759761495,1.5925339082822756,0.1742432614099379,129792.0,20
30,7.0,250.0,132.0,0.547297619047619,0.76,0.85,0.572058608058608,0.547297619047619,0.5631411916781118,2.5021359661524185,0.7546223838912558,1.596842563701266,0.1506710185598967,129792.0,20
31,7.0,250.0,164.0,0.5349880952380952,0.76,0.85,0.5808646908646908,0.5349880952380952,0.5515388883181425,2.650718133217888,0.9065355692221782,1.5976606826455826,0.1465218813501269,129792.0,20
32,7.0,250.0,196.0,0.5284642857142857,0.76,0.84,0.5920763125763125,0.5284642857142857,0.5409646736494486,2.786667180758086,1.054674237561412,1.6056144367866363,0.1263785064100375,129792.0,20
33,7.0,250.0,228.0,0.5310357142857143,0.77,0.85,0.5923344155844156,0.5310357142857143,0.5441527117949112,2.890015138970921,1.1764625100389825,1.6001910280619631,0.1133616008699755,129792.0,20
34,7.0,250.0,248.0,0.4451190476190476,0.7,0.78,0.6164404761904761,0.4451190476190476,0.5333586165024665,2.76687469483004,1.3378089793922845,1.3241851837777905,0.1048805316599646,46080.0,20
35,7.0,250.0,279.0,0.3891904761904762,0.65,0.71,0.5776839826839827,0.3891904761904762,0.5004885569182824,2.915701501010335,1.443139849608415,1.37549370602188,0.0970679453800403,73728.0,20
36,8.0,250.0,3.0,0.5641309523809525,0.75,0.86,0.5898452380952381,0.5641309523809525,0.5184380828714172,1.578227962431265,0.1013095919322222,1.2601503900989337,0.216767980400109,48514.85,20
37,8.0,250.0,40.0,0.5553690476190476,0.79,0.86,0.5913293650793651,0.5553690476190476,0.5324626161743814,1.6765913898474536,0.4036351486662168,1.0754849645209834,0.1974712766602533,37186.75,20
38,8.0,250.0,63.0,0.535202380952381,0.72,0.84,0.5822784992784993,0.535202380952381,0.5536895209135633,1.799751676216256,0.5262060974369525,1.0917008078194703,0.1818447709598331,38682.44,20
39,8.0,250.0,86.0,0.465297619047619,0.69,0.79,0.5777777777777778,0.465297619047619,0.5033126663266285,1.891529589650454,0.6416696901107208,1.0709677884998017,0.1788921110399314,29215.23,20
40,8.0,250.0,100.0,0.372595238095238,0.61,0.68,0.4837777777777777,0.372595238095238,0.4934258212252587,1.9690216819982744,0.7314715298468946,1.0629891495415722,0.1745610026098074,21453.24,20
41,8.0,250.0,132.0,0.547297619047619,0.76,0.85,0.572058608058608,0.547297619047619,0.5631411916781118,1.7928551330056508,0.8363897841051222,0.8058433936905567,0.1506219552099719,12461.16,20
42,8.0,250.0,164.0,0.5349880952380952,0.76,0.85,0.5808646908646908,0.5349880952380952,0.5515388883181425,1.9352548164629844,0.9892523505416466,0.801081734841173,0.1449207310801648,12147.17,20
43,8.0,250.0,196.0,0.5284642857142857,0.76,0.84,0.5920763125763125,0.5284642857142857,0.5409646736494486,2.074489480072516,1.1425812533515276,0.8031014510311434,0.1288067756898454,11389.98,20
44,8.0,250.0,228.0,0.5310357142857143,0.77,0.85,0.5923344155844156,0.5310357142857143,0.5441527117949112,2.2581077840179207,1.3509545841463844,0.7943113157015977,0.1128418841699385,4065.58,20
45,8.0,250.0,248.0,0.4451190476190476,0.7,0.78,0.6164404761904761,0.4451190476190476,0.5333586165024665,2.387494404412573,1.4834435256739378,0.7990725714384461,0.104978307300189,3595.87,20
46,8.0,250.0,279.0,0.3891904761904762,0.65,0.71,0.5776839826839827,0.3891904761904762,0.5004885569182824,2.510734524251311,1.6109372657636412,0.8010053580375097,0.09879190045016,2781.32,20
0,2.0,250.0,3.0,0.5905595238095238,0.79,0.9,0.6108754578754578,0.5905595238095238,0.5665755886079719,3.2690444511012173,0.0319030611123887,3.0245446473190167,0.2125967426698116,3235355.52,30
1,3.0,250.0,3.0,0.5905595238095238,0.79,0.9,0.6108754578754578,0.5905595238095238,0.5665755886079719,3.5208569514431294,0.9775691452319736,2.318903006701585,0.2243847995095711,866555.7,30
2,4.0,250.0,3.0,0.5855595238095238,0.79,0.89,0.6109652014652015,0.5855595238095238,0.5557094741849332,1.7976814030099195,0.0236240988416831,1.55717351287818,0.2168837912900562,129724.38,30
3,5.0,250.0,3.0,0.5905595238095238,0.79,0.9,0.6108754578754578,0.5905595238095238,0.5665755886079719,2.957860397694166,0.0483480121631871,2.700704777031242,0.2088076084997374,1968128.0,30
4,5.0,250.0,40.0,0.5905595238095238,0.79,0.9,0.6108754578754578,0.5905595238095238,0.5665755886079719,2.722409632114577,0.3041665566148004,2.2296320973996626,0.1886109781001141,802816.0,30
5,5.0,250.0,63.0,0.5905595238095238,0.79,0.9,0.6108754578754578,0.5905595238095238,0.5665755886079719,2.9613971716666128,0.3862469754746414,2.39570878270195,0.1794414134900216,903168.0,30
6,5.0,250.0,86.0,0.5905595238095238,0.79,0.9,0.6108754578754578,0.5905595238095238,0.5665755886079719,3.0397481584007617,0.4723222958511903,2.3965427502293823,0.1708831123201889,903168.0,30
7,5.0,250.0,100.0,0.5905595238095238,0.79,0.9,0.6108754578754578,0.5905595238095238,0.5665755886079719,2.856190184745356,0.5478002390125769,2.1452991346528143,0.1630908110799646,519168.0,30
8,5.0,250.0,132.0,0.5905595238095238,0.79,0.9,0.6108754578754578,0.5905595238095238,0.5665755886079719,2.97855907449848,0.68088116494182,2.14568637216682,0.1519915373898402,519168.0,30
9,5.0,250.0,164.0,0.5905595238095238,0.79,0.9,0.6108754578754578,0.5905595238095238,0.5665755886079719,3.082652879309025,0.8125724040647038,2.13111678185458,0.1389636933897418,519168.0,30
10,5.0,250.0,196.0,0.5905595238095238,0.79,0.9,0.6108754578754578,0.5905595238095238,0.5665755886079719,3.242139724736917,0.9774610193708212,2.137491190966248,0.1271875143998477,519168.0,30
11,5.0,250.0,228.0,0.5905595238095238,0.79,0.9,0.6108754578754578,0.5905595238095238,0.5665755886079719,3.4135231468093115,1.1653793831990331,2.133955776760304,0.1141879868499745,519168.0,30
12,5.0,250.0,248.0,0.5905595238095238,0.79,0.9,0.6108754578754578,0.5905595238095238,0.5665755886079719,2.992756271470571,1.2786104028188856,1.6074817137514763,0.1066641549002088,184320.0,30
13,5.0,250.0,279.0,0.5905595238095238,0.79,0.9,0.6108754578754578,0.5905595238095238,0.5665755886079719,3.380813668070477,1.4173715937644011,1.870702687585836,0.0927393867202408,294912.0,30
14,6.0,250.0,3.0,0.5905595238095238,0.79,0.9,0.6108754578754578,0.5905595238095238,0.5665755886079719,2.9982523535715884,0.3688883722253377,2.4118972488164583,0.2174667325297923,1035050.41,30
15,6.0,250.0,40.0,0.5905595238095238,0.79,0.9,0.6108754578754578,0.5905595238095238,0.5665755886079719,2.535877807990182,0.4243835323443634,1.921362119995756,0.1901321556500624,411831.22,30
16,6.0,250.0,63.0,0.5905595238095238,0.79,0.9,0.6108754578754578,0.5905595238095238,0.5665755886079719,2.65337608897069,0.520243456441094,1.949905045139604,0.1832275873899925,430245.92,30
17,6.0,250.0,86.0,0.5905595238095238,0.79,0.9,0.6108754578754578,0.5905595238095238,0.5665755886079719,2.7210815861774607,0.6397747460467507,1.9076195157908296,0.1736873243398804,399870.8,30
18,6.0,250.0,100.0,0.5905595238095238,0.79,0.9,0.6108754578754578,0.5905595238095238,0.5665755886079719,2.71972783402889,0.6889356791402679,1.8651523184383767,0.1656398364502456,263738.42,30
19,6.0,250.0,132.0,0.5905595238095238,0.79,0.9,0.6108754578754578,0.5905595238095238,0.5665755886079719,2.566403371502529,0.8214676270837664,1.5925079545687548,0.1524277898500076,176569.73,30
20,6.0,250.0,164.0,0.5905595238095238,0.79,0.9,0.6108754578754578,0.5905595238095238,0.5665755886079719,2.7352171501296105,0.9944574486563214,1.5994809529434133,0.1412787485298758,171126.88,30
21,6.0,250.0,196.0,0.5905595238095238,0.79,0.9,0.6108754578754578,0.5905595238095238,0.5665755886079719,2.853433910003514,1.1270258583413673,1.5973985573423124,0.1290094943198346,170946.16,30
22,6.0,250.0,228.0,0.5905595238095238,0.79,0.9,0.6108754578754578,0.5905595238095238,0.5665755886079719,2.7451317504397594,1.279083301856881,1.3494303327428865,0.1166181158399922,84005.98,30
23,6.0,250.0,248.0,0.5905595238095238,0.79,0.9,0.6108754578754578,0.5905595238095238,0.5665755886079719,2.776129865573602,1.3551802163192768,1.3147755284142113,0.1061741208401144,62019.94,30
24,6.0,250.0,279.0,0.5905595238095238,0.79,0.9,0.6108754578754578,0.5905595238095238,0.5665755886079719,2.817694158171653,1.4530957485002003,1.2705901127614925,0.0940082969099603,47006.84,30
25,7.0,250.0,3.0,0.5641309523809525,0.75,0.86,0.5898452380952381,0.5641309523809525,0.5184380828714172,2.3669984044582817,0.0372703862882919,2.1143148487599683,0.2154131694100215,492032.0,30
26,7.0,250.0,40.0,0.5553690476190476,0.79,0.86,0.5913293650793651,0.5553690476190476,0.5324626161743814,2.097209186325199,0.3037034525466153,1.599748573538527,0.1937571602400566,200704.0,30
27,7.0,250.0,63.0,0.535202380952381,0.72,0.84,0.5822784992784993,0.535202380952381,0.5536895209135633,2.4071689624583814,0.3800893540994727,1.8436875566186428,0.1833920517402657,225792.0,30
28,7.0,250.0,86.0,0.465297619047619,0.69,0.79,0.5777777777777778,0.465297619047619,0.5033126663266285,2.517051781929331,0.4996690214594128,1.8387797261997911,0.1786030342701269,225792.0,30
29,7.0,250.0,100.0,0.372595238095238,0.61,0.68,0.4837777777777777,0.372595238095238,0.4934258212252587,2.3786795101396274,0.622703102081432,1.5839222637881176,0.1720541442700778,129792.0,30
30,7.0,250.0,132.0,0.547297619047619,0.76,0.85,0.572058608058608,0.547297619047619,0.5631411916781118,2.491149490919197,0.7579963909537764,1.5818343692053896,0.151318730760031,129792.0,30
31,7.0,250.0,164.0,0.5349880952380952,0.76,0.85,0.5808646908646908,0.5349880952380952,0.5515388883181425,2.65286458002287,0.8935331411234804,1.6141687845596244,0.1451626543397651,129792.0,30
32,7.0,250.0,196.0,0.5284642857142857,0.76,0.84,0.5920763125763125,0.5284642857142857,0.5409646736494486,2.740035734047414,1.0320570378564298,1.5808244043510058,0.1271542918399791,129792.0,30
33,7.0,250.0,228.0,0.5310357142857143,0.77,0.85,0.5923344155844156,0.5310357142857143,0.5441527117949112,2.909520168986055,1.2159519449813525,1.580902551384934,0.1126656726197688,129792.0,30
34,7.0,250.0,248.0,0.4451190476190476,0.7,0.78,0.6164404761904761,0.4451190476190476,0.5333586165024665,2.7304131766047792,1.308033791775815,1.3162863507489238,0.1060930340800405,46080.0,30
35,7.0,250.0,279.0,0.3891904761904762,0.65,0.71,0.5776839826839827,0.3891904761904762,0.5004885569182824,2.862593112573377,1.4388980698864906,1.3257656496464187,0.0979293930404674,73728.0,30
36,8.0,250.0,3.0,0.5641309523809525,0.75,0.86,0.5898452380952381,0.5641309523809525,0.5184380828714172,1.565319749373011,0.1015100254124263,1.2476710721200652,0.2161386518405197,48514.85,30
37,8.0,250.0,40.0,0.5553690476190476,0.79,0.86,0.5913293650793651,0.5553690476190476,0.5324626161743814,1.6772199343022658,0.4035080797958654,1.0766188811866595,0.1970929733197408,37186.75,30
38,8.0,250.0,63.0,0.535202380952381,0.72,0.84,0.5822784992784993,0.535202380952381,0.5536895209135633,1.8045153363794089,0.5315825393790146,1.0900827508002842,0.1828500462001102,38682.44,30
39,8.0,250.0,86.0,0.465297619047619,0.69,0.79,0.5777777777777778,0.465297619047619,0.5033126663266285,1.883158643140341,0.6395504058041841,1.0623572088158109,0.1812510285203461,29215.23,30
40,8.0,250.0,100.0,0.372595238095238,0.61,0.68,0.4837777777777777,0.372595238095238,0.4934258212252587,1.966749934669351,0.7344849483028519,1.0550523070667983,0.1772126792997005,21453.24,30
41,8.0,250.0,132.0,0.547297619047619,0.76,0.85,0.572058608058608,0.547297619047619,0.5631411916781118,1.7919474017585162,0.8392378660273971,0.8019080953213414,0.1508014404097775,12461.16,30
42,8.0,250.0,164.0,0.5349880952380952,0.76,0.85,0.5808646908646908,0.5349880952380952,0.5515388883181425,1.9358562830899608,0.9923359885136596,0.7974938345261035,0.1460264600501978,12147.17,30
43,8.0,250.0,196.0,0.5284642857142857,0.76,0.84,0.5920763125763125,0.5284642857142857,0.5409646736494486,2.084097483462537,1.157266311323037,0.7984255225997186,0.1284056495397817,11389.98,30
44,8.0,250.0,228.0,0.5310357142857143,0.77,0.85,0.5923344155844156,0.5310357142857143,0.5441527117949112,2.2883826706389665,1.377355510798516,0.7965782361006131,0.1144489237398374,4065.58,30
45,8.0,250.0,248.0,0.4451190476190476,0.7,0.78,0.6164404761904761,0.4451190476190476,0.5333586165024665,2.3858792690740667,1.4830569174309494,0.7965103584533063,0.1063119931898109,3595.87,30
46,8.0,250.0,279.0,0.3891904761904762,0.65,0.71,0.5776839826839827,0.3891904761904762,0.5004885569182824,2.571608921738807,1.6386105327447875,0.833876957414468,0.0991214315795514,2781.32,30
